shelterId,shelterName,officialSourceName,sourceOwner,sourceUrl,sourceUpdatedAt,downloadedAt,licenseOrTerms,address,latitude,longitude,coordinateReferenceSystem,disasterTypes,officialDesignationStatus,safeFloor,capacity,notes,manualReviewNeeded,evidenceSources
chuo_official_emergency_001,城東小学校,指定緊急避難所一覧,東京都中央区,https://www.city.chuo.lg.jp/documents/984/shiteikinkyuuhinan.csv,2025-03-31,2026-05-19T00:00:00+09:00,Creative Commons Attribution 4.0 International as stated on the Chuo City open data page.,東京都中央区八重洲2-2-1,35.679059,139.769114,EPSG:4326,"[""flood"",""storm_surge"",""earthquake"",""inland_flooding""]",official_designated,,2480,Normalized from official Chuo City open data. Original municipality code: 131024. Source marks overlap with designated shelter address. 国土地理院 指定緊急避難場所データ 東京都中央区 match count: 1 国土地理院 指定避難所データ 東京都中央区 match count: 1,False,"[{""sourceId"":""chuo_open_data_designated_emergency_shelters"",""sourceFamily"":""official_shelter_facility"",""sourceName"":""指定緊急避難所一覧"",""officialStatus"":""official_primary"",""sourceUrl"":""https://www.city.chuo.lg.jp/documents/984/shiteikinkyuuhinan.csv"",""sourceUpdatedAt"":""2025-03-31"",""evidenceNote"":""Primary Chuo City open-data record for a designated emergency evacuation shelter/place.""},{""sourceId"":""gsi_chuo_designated_emergency_evacuation_places"",""sourceFamily"":""official_shelter_facility"",""sourceName"":""国土地理院 指定緊急避難場所データ 東京都中央区"",""officialStatus"":""official_reference"",""sourceUrl"":""https://hinanmap.gsi.go.jp/hinanjocp/defaultFtpData/csv/13102_2.csv"",""sourceUpdatedAt"":""2025-09-02"",""evidenceNote"":""Supporting official source has 1 record(s) with matching normalized facility name.""},{""sourceId"":""gsi_chuo_designated_shelters"",""sourceFamily"":""official_shelter_facility"",""sourceName"":""国土地理院 指定避難所データ 東京都中央区"",""officialStatus"":""official_reference"",""sourceUrl"":""https://hinanmap.gsi.go.jp/hinanjocp/defaultFtpData/csv/13102_1.csv"",""sourceUpdatedAt"":""2025-09-02"",""evidenceNote"":""Supporting official source has 1 record(s) with matching normalized facility name.""}]"
chuo_official_emergency_002,京橋プラザ,指定緊急避難所一覧,東京都中央区,https://www.city.chuo.lg.jp/documents/984/shiteikinkyuuhinan.csv,2025-03-31,2026-05-19T00:00:00+09:00,Creative Commons Attribution 4.0 International as stated on the Chuo City open data page.,東京都中央区銀座1-25-3,35.673121,139.771593,EPSG:4326,"[""flood"",""storm_surge"",""earthquake"",""inland_flooding""]",official_designated,,1038,Normalized from official Chuo City open data. Original municipality code: 131024. Source marks overlap with designated shelter address. 東京都防災マップ 避難所一覧データCSV match count: 1 東京都防災マップ 避難場所一覧データCSV match count: 1 国土地理院 指定緊急避難場所データ 東京都中央区 match count: 1 国土地理院 指定避難所データ 東京都中央区 match count: 1,False,"[{""sourceId"":""chuo_open_data_designated_emergency_shelters"",""sourceFamily"":""official_shelter_facility"",""sourceName"":""指定緊急避難所一覧"",""officialStatus"":""official_primary"",""sourceUrl"":""https://www.city.chuo.lg.jp/documents/984/shiteikinkyuuhinan.csv"",""sourceUpdatedAt"":""2025-03-31"",""evidenceNote"":""Primary Chuo City open-data record for a designated emergency evacuation shelter/place.""},{""sourceId"":""tokyo_bosai_map_evacuation_center"",""sourceFamily"":""official_shelter_facility"",""sourceName"":""東京都防災マップ 避難所一覧データCSV"",""officialStatus"":""official_reference"",""sourceUrl"":""https://www.opendata.metro.tokyo.lg.jp/soumu/130001_evacuation_center.csv"",""sourceUpdatedAt"":""2022-06-20"",""evidenceNote"":""Supporting official source has 1 record(s) with matching normalized facility name.""},{""sourceId"":""tokyo_bosai_map_evacuation_area"",""sourceFamily"":""official_shelter_facility"",""sourceName"":""東京都防災マップ 避難場所一覧データCSV"",""officialStatus"":""official_reference"",""sourceUrl"":""https://www.opendata.metro.tokyo.lg.jp/soumu/130001_evacuation_area.csv"",""sourceUpdatedAt"":""2025-12-12"",""evidenceNote"":""Supporting official source has 1 record(s) with matching normalized facility name.""},{""sourceId"":""gsi_chuo_designated_emergency_evacuation_places"",""sourceFamily"":""official_shelter_facility"",""sourceName"":""国土地理院 指定緊急避難場所データ 東京都中央区"",""officialStatus"":""official_reference"",""sourceUrl"":""https://hinanmap.gsi.go.jp/hinanjocp/defaultFtpData/csv/13102_2.csv"",""sourceUpdatedAt"":""2025-09-02"",""evidenceNote"":""Supporting official source has 1 record(s) with matching normalized facility name.""},{""sourceId"":""gsi_chuo_designated_shelters"",""sourceFamily"":""official_shelter_facility"",""sourceName"":""国土地理院 指定避難所データ 東京都中央区"",""officialStatus"":""official_reference"",""sourceUrl"":""https://hinanmap.gsi.go.jp/hinanjocp/defaultFtpData/csv/13102_1.csv"",""sourceUpdatedAt"":""2025-09-02"",""evidenceNote"":""Supporting official source has 1 record(s) with matching normalized facility name.""}]"
chuo_official_emergency_003,泰明小学校,指定緊急避難所一覧,東京都中央区,https://www.city.chuo.lg.jp/documents/984/shiteikinkyuuhinan.csv,2025-03-31,2026-05-19T00:00:00+09:00,Creative Commons Attribution 4.0 International as stated on the Chuo City open data page.,東京都中央区銀座5-1-13,35.672383,139.761495,EPSG:4326,"[""flood"",""storm_surge"",""earthquake"",""inland_flooding""]",official_designated,,2384,Normalized from official Chuo City open data. Original municipality code: 131024. Source marks overlap with designated shelter address. 東京都防災マップ 避難所一覧データCSV match count: 1 東京都防災マップ 避難場所一覧データCSV match count: 1 国土地理院 指定緊急避難場所データ 東京都中央区 match count: 1 国土地理院 指定避難所データ 東京都中央区 match count: 1,False,"[{""sourceId"":""chuo_open_data_designated_emergency_shelters"",""sourceFamily"":""official_shelter_facility"",""sourceName"":""指定緊急避難所一覧"",""officialStatus"":""official_primary"",""sourceUrl"":""https://www.city.chuo.lg.jp/documents/984/shiteikinkyuuhinan.csv"",""sourceUpdatedAt"":""2025-03-31"",""evidenceNote"":""Primary Chuo City open-data record for a designated emergency evacuation shelter/place.""},{""sourceId"":""tokyo_bosai_map_evacuation_center"",""sourceFamily"":""official_shelter_facility"",""sourceName"":""東京都防災マップ 避難所一覧データCSV"",""officialStatus"":""official_reference"",""sourceUrl"":""https://www.opendata.metro.tokyo.lg.jp/soumu/130001_evacuation_center.csv"",""sourceUpdatedAt"":""2022-06-20"",""evidenceNote"":""Supporting official source has 1 record(s) with matching normalized facility name.""},{""sourceId"":""tokyo_bosai_map_evacuation_area"",""sourceFamily"":""official_shelter_facility"",""sourceName"":""東京都防災マップ 避難場所一覧データCSV"",""officialStatus"":""official_reference"",""sourceUrl"":""https://www.opendata.metro.tokyo.lg.jp/soumu/130001_evacuation_area.csv"",""sourceUpdatedAt"":""2025-12-12"",""evidenceNote"":""Supporting official source has 1 record(s) with matching normalized facility name.""},{""sourceId"":""gsi_chuo_designated_emergency_evacuation_places"",""sourceFamily"":""official_shelter_facility"",""sourceName"":""国土地理院 指定緊急避難場所データ 東京都中央区"",""officialStatus"":""official_reference"",""sourceUrl"":""https://hinanmap.gsi.go.jp/hinanjocp/defaultFtpData/csv/13102_2.csv"",""sourceUpdatedAt"":""2025-09-02"",""evidenceNote"":""Supporting official source has 1 record(s) with matching normalized facility name.""},{""sourceId"":""gsi_chuo_designated_shelters"",""sourceFamily"":""official_shelter_facility"",""sourceName"":""国土地理院 指定避難所データ 東京都中央区"",""officialStatus"":""official_reference"",""sourceUrl"":""https://hinanmap.gsi.go.jp/hinanjocp/defaultFtpData/csv/13102_1.csv"",""sourceUpdatedAt"":""2025-09-02"",""evidenceNote"":""Supporting official source has 1 record(s) with matching normalized facility name.""}]"
chuo_official_emergency_004,銀座中学校,指定緊急避難所一覧,東京都中央区,https://www.city.chuo.lg.jp/documents/984/shiteikinkyuuhinan.csv,2025-03-31,2026-05-19T00:00:00+09:00,Creative Commons Attribution 4.0 International as stated on the Chuo City open data page.,東京都中央区銀座8-19-15,35.665512,139.764854,EPSG:4326,"[""flood"",""storm_surge"",""earthquake"",""inland_flooding""]",official_designated,,4590,Normalized from official Chuo City open data. Original municipality code: 131024. Source marks overlap with designated shelter address. 東京都防災マップ 避難所一覧データCSV match count: 1 東京都防災マップ 避難場所一覧データCSV match count: 1 国土地理院 指定緊急避難場所データ 東京都中央区 match count: 1 国土地理院 指定避難所データ 東京都中央区 match count: 1,False,"[{""sourceId"":""chuo_open_data_designated_emergency_shelters"",""sourceFamily"":""official_shelter_facility"",""sourceName"":""指定緊急避難所一覧"",""officialStatus"":""official_primary"",""sourceUrl"":""https://www.city.chuo.lg.jp/documents/984/shiteikinkyuuhinan.csv"",""sourceUpdatedAt"":""2025-03-31"",""evidenceNote"":""Primary Chuo City open-data record for a designated emergency evacuation shelter/place.""},{""sourceId"":""tokyo_bosai_map_evacuation_center"",""sourceFamily"":""official_shelter_facility"",""sourceName"":""東京都防災マップ 避難所一覧データCSV"",""officialStatus"":""official_reference"",""sourceUrl"":""https://www.opendata.metro.tokyo.lg.jp/soumu/130001_evacuation_center.csv"",""sourceUpdatedAt"":""2022-06-20"",""evidenceNote"":""Supporting official source has 1 record(s) with matching normalized facility name.""},{""sourceId"":""tokyo_bosai_map_evacuation_area"",""sourceFamily"":""official_shelter_facility"",""sourceName"":""東京都防災マップ 避難場所一覧データCSV"",""officialStatus"":""official_reference"",""sourceUrl"":""https://www.opendata.metro.tokyo.lg.jp/soumu/130001_evacuation_area.csv"",""sourceUpdatedAt"":""2025-12-12"",""evidenceNote"":""Supporting official source has 1 record(s) with matching normalized facility name.""},{""sourceId"":""gsi_chuo_designated_emergency_evacuation_places"",""sourceFamily"":""official_shelter_facility"",""sourceName"":""国土地理院 指定緊急避難場所データ 東京都中央区"",""officialStatus"":""official_reference"",""sourceUrl"":""https://hinanmap.gsi.go.jp/hinanjocp/defaultFtpData/csv/13102_2.csv"",""sourceUpdatedAt"":""2025-09-02"",""evidenceNote"":""Supporting official source has 1 record(s) with matching normalized facility name.""},{""sourceId"":""gsi_chuo_designated_shelters"",""sourceFamily"":""official_shelter_facility"",""sourceName"":""国土地理院 指定避難所データ 東京都中央区"",""officialStatus"":""official_reference"",""sourceUrl"":""https://hinanmap.gsi.go.jp/hinanjocp/defaultFtpData/csv/13102_1.csv"",""sourceUpdatedAt"":""2025-09-02"",""evidenceNote"":""Supporting official source has 1 record(s) with matching normalized facility name.""}]"
chuo_official_emergency_005,中央小学校,指定緊急避難所一覧,東京都中央区,https://www.city.chuo.lg.jp/documents/984/shiteikinkyuuhinan.csv,2025-03-31,2026-05-19T00:00:00+09:00,Creative Commons Attribution 4.0 International as stated on the Chuo City open data page.,東京都中央区湊1-4-1,35.672171,139.77876,EPSG:4326,"[""flood"",""storm_surge"",""earthquake"",""inland_flooding""]",official_designated,,2940,Normalized from official Chuo City open data. Original municipality code: 131024. Source marks overlap with designated shelter address. 東京都防災マップ 避難所一覧データCSV match count: 1 東京都防災マップ 避難場所一覧データCSV match count: 1 国土地理院 指定緊急避難場所データ 東京都中央区 match count: 1 国土地理院 指定避難所データ 東京都中央区 match count: 1,False,"[{""sourceId"":""chuo_open_data_designated_emergency_shelters"",""sourceFamily"":""official_shelter_facility"",""sourceName"":""指定緊急避難所一覧"",""officialStatus"":""official_primary"",""sourceUrl"":""https://www.city.chuo.lg.jp/documents/984/shiteikinkyuuhinan.csv"",""sourceUpdatedAt"":""2025-03-31"",""evidenceNote"":""Primary Chuo City open-data record for a designated emergency evacuation shelter/place.""},{""sourceId"":""tokyo_bosai_map_evacuation_center"",""sourceFamily"":""official_shelter_facility"",""sourceName"":""東京都防災マップ 避難所一覧データCSV"",""officialStatus"":""official_reference"",""sourceUrl"":""https://www.opendata.metro.tokyo.lg.jp/soumu/130001_evacuation_center.csv"",""sourceUpdatedAt"":""2022-06-20"",""evidenceNote"":""Supporting official source has 1 record(s) with matching normalized facility name.""},{""sourceId"":""tokyo_bosai_map_evacuation_area"",""sourceFamily"":""official_shelter_facility"",""sourceName"":""東京都防災マップ 避難場所一覧データCSV"",""officialStatus"":""official_reference"",""sourceUrl"":""https://www.opendata.metro.tokyo.lg.jp/soumu/130001_evacuation_area.csv"",""sourceUpdatedAt"":""2025-12-12"",""evidenceNote"":""Supporting official source has 1 record(s) with matching normalized facility name.""},{""sourceId"":""gsi_chuo_designated_emergency_evacuation_places"",""sourceFamily"":""official_shelter_facility"",""sourceName"":""国土地理院 指定緊急避難場所データ 東京都中央区"",""officialStatus"":""official_reference"",""sourceUrl"":""https://hinanmap.gsi.go.jp/hinanjocp/defaultFtpData/csv/13102_2.csv"",""sourceUpdatedAt"":""2025-09-02"",""evidenceNote"":""Supporting official source has 1 record(s) with matching normalized facility name.""},{""sourceId"":""gsi_chuo_designated_shelters"",""sourceFamily"":""official_shelter_facility"",""sourceName"":""国土地理院 指定避難所データ 東京都中央区"",""officialStatus"":""official_reference"",""sourceUrl"":""https://hinanmap.gsi.go.jp/hinanjocp/defaultFtpData/csv/13102_1.csv"",""sourceUpdatedAt"":""2025-09-02"",""evidenceNote"":""Supporting official source has 1 record(s) with matching normalized facility name.""}]"
chuo_official_emergency_006,明石小学校,指定緊急避難所一覧,東京都中央区,https://www.city.chuo.lg.jp/documents/984/shiteikinkyuuhinan.csv,2025-03-31,2026-05-19T00:00:00+09:00,Creative Commons Attribution 4.0 International as stated on the Chuo City open data page.,東京都中央区明石町1-15,35.668734,139.776472,EPSG:4326,"[""flood"",""storm_surge"",""earthquake"",""inland_flooding""]",official_designated,,3903,Normalized from official Chuo City open data. Original municipality code: 131024. Source marks overlap with designated shelter address. 東京都防災マップ 避難所一覧データCSV match count: 1 東京都防災マップ 避難場所一覧データCSV match count: 1 国土地理院 指定緊急避難場所データ 東京都中央区 match count: 1 国土地理院 指定避難所データ 東京都中央区 match count: 1,False,"[{""sourceId"":""chuo_open_data_designated_emergency_shelters"",""sourceFamily"":""official_shelter_facility"",""sourceName"":""指定緊急避難所一覧"",""officialStatus"":""official_primary"",""sourceUrl"":""https://www.city.chuo.lg.jp/documents/984/shiteikinkyuuhinan.csv"",""sourceUpdatedAt"":""2025-03-31"",""evidenceNote"":""Primary Chuo City open-data record for a designated emergency evacuation shelter/place.""},{""sourceId"":""tokyo_bosai_map_evacuation_center"",""sourceFamily"":""official_shelter_facility"",""sourceName"":""東京都防災マップ 避難所一覧データCSV"",""officialStatus"":""official_reference"",""sourceUrl"":""https://www.opendata.metro.tokyo.lg.jp/soumu/130001_evacuation_center.csv"",""sourceUpdatedAt"":""2022-06-20"",""evidenceNote"":""Supporting official source has 1 record(s) with matching normalized facility name.""},{""sourceId"":""tokyo_bosai_map_evacuation_area"",""sourceFamily"":""official_shelter_facility"",""sourceName"":""東京都防災マップ 避難場所一覧データCSV"",""officialStatus"":""official_reference"",""sourceUrl"":""https://www.opendata.metro.tokyo.lg.jp/soumu/130001_evacuation_area.csv"",""sourceUpdatedAt"":""2025-12-12"",""evidenceNote"":""Supporting official source has 1 record(s) with matching normalized facility name.""},{""sourceId"":""gsi_chuo_designated_emergency_evacuation_places"",""sourceFamily"":""official_shelter_facility"",""sourceName"":""国土地理院 指定緊急避難場所データ 東京都中央区"",""officialStatus"":""official_reference"",""sourceUrl"":""https://hinanmap.gsi.go.jp/hinanjocp/defaultFtpData/csv/13102_2.csv"",""sourceUpdatedAt"":""2025-09-02"",""evidenceNote"":""Supporting official source has 1 record(s) with matching normalized facility name.""},{""sourceId"":""gsi_chuo_designated_shelters"",""sourceFamily"":""official_shelter_facility"",""sourceName"":""国土地理院 指定避難所データ 東京都中央区"",""officialStatus"":""official_reference"",""sourceUrl"":""https://hinanmap.gsi.go.jp/hinanjocp/defaultFtpData/csv/13102_1.csv"",""sourceUpdatedAt"":""2025-09-02"",""evidenceNote"":""Supporting official source has 1 record(s) with matching normalized facility name.""}]"
chuo_official_emergency_007,京橋築地小学校,指定緊急避難所一覧,東京都中央区,https://www.city.chuo.lg.jp/documents/984/shiteikinkyuuhinan.csv,2025-03-31,2026-05-19T00:00:00+09:00,Creative Commons Attribution 4.0 International as stated on the Chuo City open data page.,東京都中央区築地2-13-1,35.667975,139.771173,EPSG:4326,"[""flood"",""storm_surge"",""earthquake"",""inland_flooding""]",official_designated,,3397,Normalized from official Chuo City open data. Original municipality code: 131024. Source marks overlap with designated shelter address. 東京都防災マップ 避難所一覧データCSV match count: 1 東京都防災マップ 避難場所一覧データCSV match count: 1 国土地理院 指定緊急避難場所データ 東京都中央区 match count: 1 国土地理院 指定避難所データ 東京都中央区 match count: 1,False,"[{""sourceId"":""chuo_open_data_designated_emergency_shelters"",""sourceFamily"":""official_shelter_facility"",""sourceName"":""指定緊急避難所一覧"",""officialStatus"":""official_primary"",""sourceUrl"":""https://www.city.chuo.lg.jp/documents/984/shiteikinkyuuhinan.csv"",""sourceUpdatedAt"":""2025-03-31"",""evidenceNote"":""Primary Chuo City open-data record for a designated emergency evacuation shelter/place.""},{""sourceId"":""tokyo_bosai_map_evacuation_center"",""sourceFamily"":""official_shelter_facility"",""sourceName"":""東京都防災マップ 避難所一覧データCSV"",""officialStatus"":""official_reference"",""sourceUrl"":""https://www.opendata.metro.tokyo.lg.jp/soumu/130001_evacuation_center.csv"",""sourceUpdatedAt"":""2022-06-20"",""evidenceNote"":""Supporting official source has 1 record(s) with matching normalized facility name.""},{""sourceId"":""tokyo_bosai_map_evacuation_area"",""sourceFamily"":""official_shelter_facility"",""sourceName"":""東京都防災マップ 避難場所一覧データCSV"",""officialStatus"":""official_reference"",""sourceUrl"":""https://www.opendata.metro.tokyo.lg.jp/soumu/130001_evacuation_area.csv"",""sourceUpdatedAt"":""2025-12-12"",""evidenceNote"":""Supporting official source has 1 record(s) with matching normalized facility name.""},{""sourceId"":""gsi_chuo_designated_emergency_evacuation_places"",""sourceFamily"":""official_shelter_facility"",""sourceName"":""国土地理院 指定緊急避難場所データ 東京都中央区"",""officialStatus"":""official_reference"",""sourceUrl"":""https://hinanmap.gsi.go.jp/hinanjocp/defaultFtpData/csv/13102_2.csv"",""sourceUpdatedAt"":""2025-09-02"",""evidenceNote"":""Supporting official source has 1 record(s) with matching normalized facility name.""},{""sourceId"":""gsi_chuo_designated_shelters"",""sourceFamily"":""official_shelter_facility"",""sourceName"":""国土地理院 指定避難所データ 東京都中央区"",""officialStatus"":""official_reference"",""sourceUrl"":""https://hinanmap.gsi.go.jp/hinanjocp/defaultFtpData/csv/13102_1.csv"",""sourceUpdatedAt"":""2025-09-02"",""evidenceNote"":""Supporting official source has 1 record(s) with matching normalized facility name.""}]"
chuo_official_emergency_008,京華スクエア,指定緊急避難所一覧,東京都中央区,https://www.city.chuo.lg.jp/documents/984/shiteikinkyuuhinan.csv,2025-03-31,2026-05-19T00:00:00+09:00,Creative Commons Attribution 4.0 International as stated on the Chuo City open data page.,東京都中央区八丁堀3-17-9,35.674999,139.775575,EPSG:4326,"[""flood"",""storm_surge"",""earthquake"",""inland_flooding""]",official_designated,,2460,Normalized from official Chuo City open data. Original municipality code: 131024. Source marks overlap with designated shelter address. 東京都防災マップ 避難所一覧データCSV match count: 1 東京都防災マップ 避難場所一覧データCSV match count: 1 国土地理院 指定緊急避難場所データ 東京都中央区 match count: 1 国土地理院 指定避難所データ 東京都中央区 match count: 1,False,"[{""sourceId"":""chuo_open_data_designated_emergency_shelters"",""sourceFamily"":""official_shelter_facility"",""sourceName"":""指定緊急避難所一覧"",""officialStatus"":""official_primary"",""sourceUrl"":""https://www.city.chuo.lg.jp/documents/984/shiteikinkyuuhinan.csv"",""sourceUpdatedAt"":""2025-03-31"",""evidenceNote"":""Primary Chuo City open-data record for a designated emergency evacuation shelter/place.""},{""sourceId"":""tokyo_bosai_map_evacuation_center"",""sourceFamily"":""official_shelter_facility"",""sourceName"":""東京都防災マップ 避難所一覧データCSV"",""officialStatus"":""official_reference"",""sourceUrl"":""https://www.opendata.metro.tokyo.lg.jp/soumu/130001_evacuation_center.csv"",""sourceUpdatedAt"":""2022-06-20"",""evidenceNote"":""Supporting official source has 1 record(s) with matching normalized facility name.""},{""sourceId"":""tokyo_bosai_map_evacuation_area"",""sourceFamily"":""official_shelter_facility"",""sourceName"":""東京都防災マップ 避難場所一覧データCSV"",""officialStatus"":""official_reference"",""sourceUrl"":""https://www.opendata.metro.tokyo.lg.jp/soumu/130001_evacuation_area.csv"",""sourceUpdatedAt"":""2025-12-12"",""evidenceNote"":""Supporting official source has 1 record(s) with matching normalized facility name.""},{""sourceId"":""gsi_chuo_designated_emergency_evacuation_places"",""sourceFamily"":""official_shelter_facility"",""sourceName"":""国土地理院 指定緊急避難場所データ 東京都中央区"",""officialStatus"":""official_reference"",""sourceUrl"":""https://hinanmap.gsi.go.jp/hinanjocp/defaultFtpData/csv/13102_2.csv"",""sourceUpdatedAt"":""2025-09-02"",""evidenceNote"":""Supporting official source has 1 record(s) with matching normalized facility name.""},{""sourceId"":""gsi_chuo_designated_shelters"",""sourceFamily"":""official_shelter_facility"",""sourceName"":""国土地理院 指定避難所データ 東京都中央区"",""officialStatus"":""official_reference"",""sourceUrl"":""https://hinanmap.gsi.go.jp/hinanjocp/defaultFtpData/csv/13102_1.csv"",""sourceUpdatedAt"":""2025-09-02"",""evidenceNote"":""Supporting official source has 1 record(s) with matching normalized facility name.""}]"
chuo_official_emergency_009,明正小学校,指定緊急避難所一覧,東京都中央区,https://www.city.chuo.lg.jp/documents/984/shiteikinkyuuhinan.csv,2025-03-31,2026-05-19T00:00:00+09:00,Creative Commons Attribution 4.0 International as stated on the Chuo City open data page.,東京都中央区新川2-13-4,35.676011,139.781852,EPSG:4326,"[""flood"",""storm_surge"",""earthquake"",""inland_flooding""]",official_designated,,5200,Normalized from official Chuo City open data. Original municipality code: 131024. Source marks overlap with designated shelter address. 東京都防災マップ 避難所一覧データCSV match count: 1 東京都防災マップ 避難場所一覧データCSV match count: 1 国土地理院 指定緊急避難場所データ 東京都中央区 match count: 1 国土地理院 指定避難所データ 東京都中央区 match count: 1,False,"[{""sourceId"":""chuo_open_data_designated_emergency_shelters"",""sourceFamily"":""official_shelter_facility"",""sourceName"":""指定緊急避難所一覧"",""officialStatus"":""official_primary"",""sourceUrl"":""https://www.city.chuo.lg.jp/documents/984/shiteikinkyuuhinan.csv"",""sourceUpdatedAt"":""2025-03-31"",""evidenceNote"":""Primary Chuo City open-data record for a designated emergency evacuation shelter/place.""},{""sourceId"":""tokyo_bosai_map_evacuation_center"",""sourceFamily"":""official_shelter_facility"",""sourceName"":""東京都防災マップ 避難所一覧データCSV"",""officialStatus"":""official_reference"",""sourceUrl"":""https://www.opendata.metro.tokyo.lg.jp/soumu/130001_evacuation_center.csv"",""sourceUpdatedAt"":""2022-06-20"",""evidenceNote"":""Supporting official source has 1 record(s) with matching normalized facility name.""},{""sourceId"":""tokyo_bosai_map_evacuation_area"",""sourceFamily"":""official_shelter_facility"",""sourceName"":""東京都防災マップ 避難場所一覧データCSV"",""officialStatus"":""official_reference"",""sourceUrl"":""https://www.opendata.metro.tokyo.lg.jp/soumu/130001_evacuation_area.csv"",""sourceUpdatedAt"":""2025-12-12"",""evidenceNote"":""Supporting official source has 1 record(s) with matching normalized facility name.""},{""sourceId"":""gsi_chuo_designated_emergency_evacuation_places"",""sourceFamily"":""official_shelter_facility"",""sourceName"":""国土地理院 指定緊急避難場所データ 東京都中央区"",""officialStatus"":""official_reference"",""sourceUrl"":""https://hinanmap.gsi.go.jp/hinanjocp/defaultFtpData/csv/13102_2.csv"",""sourceUpdatedAt"":""2025-09-02"",""evidenceNote"":""Supporting official source has 1 record(s) with matching normalized facility name.""},{""sourceId"":""gsi_chuo_designated_shelters"",""sourceFamily"":""official_shelter_facility"",""sourceName"":""国土地理院 指定避難所データ 東京都中央区"",""officialStatus"":""official_reference"",""sourceUrl"":""https://hinanmap.gsi.go.jp/hinanjocp/defaultFtpData/csv/13102_1.csv"",""sourceUpdatedAt"":""2025-09-02"",""evidenceNote"":""Supporting official source has 1 record(s) with matching normalized facility name.""}]"
chuo_official_emergency_010,常盤小学校,指定緊急避難所一覧,東京都中央区,https://www.city.chuo.lg.jp/documents/984/shiteikinkyuuhinan.csv,2025-03-31,2026-05-19T00:00:00+09:00,Creative Commons Attribution 4.0 International as stated on the Chuo City open data page.,東京都中央区日本橋本石町4-4-26,35.688038,139.770509,EPSG:4326,"[""flood"",""storm_surge"",""earthquake"",""inland_flooding""]",official_designated,,1749,Normalized from official Chuo City open data. Original municipality code: 131024. Source marks overlap with designated shelter address. 東京都防災マップ 避難所一覧データCSV match count: 1 東京都防災マップ 避難場所一覧データCSV match count: 1 国土地理院 指定緊急避難場所データ 東京都中央区 match count: 1 国土地理院 指定避難所データ 東京都中央区 match count: 1,False,"[{""sourceId"":""chuo_open_data_designated_emergency_shelters"",""sourceFamily"":""official_shelter_facility"",""sourceName"":""指定緊急避難所一覧"",""officialStatus"":""official_primary"",""sourceUrl"":""https://www.city.chuo.lg.jp/documents/984/shiteikinkyuuhinan.csv"",""sourceUpdatedAt"":""2025-03-31"",""evidenceNote"":""Primary Chuo City open-data record for a designated emergency evacuation shelter/place.""},{""sourceId"":""tokyo_bosai_map_evacuation_center"",""sourceFamily"":""official_shelter_facility"",""sourceName"":""東京都防災マップ 避難所一覧データCSV"",""officialStatus"":""official_reference"",""sourceUrl"":""https://www.opendata.metro.tokyo.lg.jp/soumu/130001_evacuation_center.csv"",""sourceUpdatedAt"":""2022-06-20"",""evidenceNote"":""Supporting official source has 1 record(s) with matching normalized facility name.""},{""sourceId"":""tokyo_bosai_map_evacuation_area"",""sourceFamily"":""official_shelter_facility"",""sourceName"":""東京都防災マップ 避難場所一覧データCSV"",""officialStatus"":""official_reference"",""sourceUrl"":""https://www.opendata.metro.tokyo.lg.jp/soumu/130001_evacuation_area.csv"",""sourceUpdatedAt"":""2025-12-12"",""evidenceNote"":""Supporting official source has 1 record(s) with matching normalized facility name.""},{""sourceId"":""gsi_chuo_designated_emergency_evacuation_places"",""sourceFamily"":""official_shelter_facility"",""sourceName"":""国土地理院 指定緊急避難場所データ 東京都中央区"",""officialStatus"":""official_reference"",""sourceUrl"":""https://hinanmap.gsi.go.jp/hinanjocp/defaultFtpData/csv/13102_2.csv"",""sourceUpdatedAt"":""2025-09-02"",""evidenceNote"":""Supporting official source has 1 record(s) with matching normalized facility name.""},{""sourceId"":""gsi_chuo_designated_shelters"",""sourceFamily"":""official_shelter_facility"",""sourceName"":""国土地理院 指定避難所データ 東京都中央区"",""officialStatus"":""official_reference"",""sourceUrl"":""https://hinanmap.gsi.go.jp/hinanjocp/defaultFtpData/csv/13102_1.csv"",""sourceUpdatedAt"":""2025-09-02"",""evidenceNote"":""Supporting official source has 1 record(s) with matching normalized facility name.""}]"
chuo_official_emergency_011,十思スクエア,指定緊急避難所一覧,東京都中央区,https://www.city.chuo.lg.jp/documents/984/shiteikinkyuuhinan.csv,2025-03-31,2026-05-19T00:00:00+09:00,Creative Commons Attribution 4.0 International as stated on the Chuo City open data page.,東京都中央区日本橋小伝馬町5-1,35.690907,139.776991,EPSG:4326,"[""flood"",""storm_surge"",""earthquake"",""inland_flooding""]",official_designated,,1332,Normalized from official Chuo City open data. Original municipality code: 131024. Source marks overlap with designated shelter address. 東京都防災マップ 避難所一覧データCSV match count: 1 東京都防災マップ 避難場所一覧データCSV match count: 1 国土地理院 指定緊急避難場所データ 東京都中央区 match count: 1 国土地理院 指定避難所データ 東京都中央区 match count: 1,False,"[{""sourceId"":""chuo_open_data_designated_emergency_shelters"",""sourceFamily"":""official_shelter_facility"",""sourceName"":""指定緊急避難所一覧"",""officialStatus"":""official_primary"",""sourceUrl"":""https://www.city.chuo.lg.jp/documents/984/shiteikinkyuuhinan.csv"",""sourceUpdatedAt"":""2025-03-31"",""evidenceNote"":""Primary Chuo City open-data record for a designated emergency evacuation shelter/place.""},{""sourceId"":""tokyo_bosai_map_evacuation_center"",""sourceFamily"":""official_shelter_facility"",""sourceName"":""東京都防災マップ 避難所一覧データCSV"",""officialStatus"":""official_reference"",""sourceUrl"":""https://www.opendata.metro.tokyo.lg.jp/soumu/130001_evacuation_center.csv"",""sourceUpdatedAt"":""2022-06-20"",""evidenceNote"":""Supporting official source has 1 record(s) with matching normalized facility name.""},{""sourceId"":""tokyo_bosai_map_evacuation_area"",""sourceFamily"":""official_shelter_facility"",""sourceName"":""東京都防災マップ 避難場所一覧データCSV"",""officialStatus"":""official_reference"",""sourceUrl"":""https://www.opendata.metro.tokyo.lg.jp/soumu/130001_evacuation_area.csv"",""sourceUpdatedAt"":""2025-12-12"",""evidenceNote"":""Supporting official source has 1 record(s) with matching normalized facility name.""},{""sourceId"":""gsi_chuo_designated_emergency_evacuation_places"",""sourceFamily"":""official_shelter_facility"",""sourceName"":""国土地理院 指定緊急避難場所データ 東京都中央区"",""officialStatus"":""official_reference"",""sourceUrl"":""https://hinanmap.gsi.go.jp/hinanjocp/defaultFtpData/csv/13102_2.csv"",""sourceUpdatedAt"":""2025-09-02"",""evidenceNote"":""Supporting official source has 1 record(s) with matching normalized facility name.""},{""sourceId"":""gsi_chuo_designated_shelters"",""sourceFamily"":""official_shelter_facility"",""sourceName"":""国土地理院 指定避難所データ 東京都中央区"",""officialStatus"":""official_reference"",""sourceUrl"":""https://hinanmap.gsi.go.jp/hinanjocp/defaultFtpData/csv/13102_1.csv"",""sourceUpdatedAt"":""2025-09-02"",""evidenceNote"":""Supporting official source has 1 record(s) with matching normalized facility name.""}]"
chuo_official_emergency_012,日本橋小学校,指定緊急避難所一覧,東京都中央区,https://www.city.chuo.lg.jp/documents/984/shiteikinkyuuhinan.csv,2025-03-31,2026-05-19T00:00:00+09:00,Creative Commons Attribution 4.0 International as stated on the Chuo City open data page.,東京都中央区日本橋人形町1-1-17,35.684273,139.78123,EPSG:4326,"[""flood"",""storm_surge"",""earthquake"",""inland_flooding""]",official_designated,,3120,Normalized from official Chuo City open data. Original municipality code: 131024. Source marks overlap with designated shelter address. 東京都防災マップ 避難所一覧データCSV match count: 1 東京都防災マップ 避難場所一覧データCSV match count: 1 国土地理院 指定緊急避難場所データ 東京都中央区 match count: 1 国土地理院 指定避難所データ 東京都中央区 match count: 1,False,"[{""sourceId"":""chuo_open_data_designated_emergency_shelters"",""sourceFamily"":""official_shelter_facility"",""sourceName"":""指定緊急避難所一覧"",""officialStatus"":""official_primary"",""sourceUrl"":""https://www.city.chuo.lg.jp/documents/984/shiteikinkyuuhinan.csv"",""sourceUpdatedAt"":""2025-03-31"",""evidenceNote"":""Primary Chuo City open-data record for a designated emergency evacuation shelter/place.""},{""sourceId"":""tokyo_bosai_map_evacuation_center"",""sourceFamily"":""official_shelter_facility"",""sourceName"":""東京都防災マップ 避難所一覧データCSV"",""officialStatus"":""official_reference"",""sourceUrl"":""https://www.opendata.metro.tokyo.lg.jp/soumu/130001_evacuation_center.csv"",""sourceUpdatedAt"":""2022-06-20"",""evidenceNote"":""Supporting official source has 1 record(s) with matching normalized facility name.""},{""sourceId"":""tokyo_bosai_map_evacuation_area"",""sourceFamily"":""official_shelter_facility"",""sourceName"":""東京都防災マップ 避難場所一覧データCSV"",""officialStatus"":""official_reference"",""sourceUrl"":""https://www.opendata.metro.tokyo.lg.jp/soumu/130001_evacuation_area.csv"",""sourceUpdatedAt"":""2025-12-12"",""evidenceNote"":""Supporting official source has 1 record(s) with matching normalized facility name.""},{""sourceId"":""gsi_chuo_designated_emergency_evacuation_places"",""sourceFamily"":""official_shelter_facility"",""sourceName"":""国土地理院 指定緊急避難場所データ 東京都中央区"",""officialStatus"":""official_reference"",""sourceUrl"":""https://hinanmap.gsi.go.jp/hinanjocp/defaultFtpData/csv/13102_2.csv"",""sourceUpdatedAt"":""2025-09-02"",""evidenceNote"":""Supporting official source has 1 record(s) with matching normalized facility name.""},{""sourceId"":""gsi_chuo_designated_shelters"",""sourceFamily"":""official_shelter_facility"",""sourceName"":""国土地理院 指定避難所データ 東京都中央区"",""officialStatus"":""official_reference"",""sourceUrl"":""https://hinanmap.gsi.go.jp/hinanjocp/defaultFtpData/csv/13102_1.csv"",""sourceUpdatedAt"":""2025-09-02"",""evidenceNote"":""Supporting official source has 1 record(s) with matching normalized facility name.""}]"
chuo_official_emergency_013,有馬小学校,指定緊急避難所一覧,東京都中央区,https://www.city.chuo.lg.jp/documents/984/shiteikinkyuuhinan.csv,2025-03-31,2026-05-19T00:00:00+09:00,Creative Commons Attribution 4.0 International as stated on the Chuo City open data page.,東京都中央区日本橋蛎殻町2-10-23,35.683219,139.787989,EPSG:4326,"[""flood"",""storm_surge"",""earthquake"",""inland_flooding""]",official_designated,,4075,Normalized from official Chuo City open data. Original municipality code: 131024. Source marks overlap with designated shelter address. 東京都防災マップ 避難所一覧データCSV match count: 1 東京都防災マップ 避難場所一覧データCSV match count: 1 国土地理院 指定緊急避難場所データ 東京都中央区 match count: 1 国土地理院 指定避難所データ 東京都中央区 match count: 1,False,"[{""sourceId"":""chuo_open_data_designated_emergency_shelters"",""sourceFamily"":""official_shelter_facility"",""sourceName"":""指定緊急避難所一覧"",""officialStatus"":""official_primary"",""sourceUrl"":""https://www.city.chuo.lg.jp/documents/984/shiteikinkyuuhinan.csv"",""sourceUpdatedAt"":""2025-03-31"",""evidenceNote"":""Primary Chuo City open-data record for a designated emergency evacuation shelter/place.""},{""sourceId"":""tokyo_bosai_map_evacuation_center"",""sourceFamily"":""official_shelter_facility"",""sourceName"":""東京都防災マップ 避難所一覧データCSV"",""officialStatus"":""official_reference"",""sourceUrl"":""https://www.opendata.metro.tokyo.lg.jp/soumu/130001_evacuation_center.csv"",""sourceUpdatedAt"":""2022-06-20"",""evidenceNote"":""Supporting official source has 1 record(s) with matching normalized facility name.""},{""sourceId"":""tokyo_bosai_map_evacuation_area"",""sourceFamily"":""official_shelter_facility"",""sourceName"":""東京都防災マップ 避難場所一覧データCSV"",""officialStatus"":""official_reference"",""sourceUrl"":""https://www.opendata.metro.tokyo.lg.jp/soumu/130001_evacuation_area.csv"",""sourceUpdatedAt"":""2025-12-12"",""evidenceNote"":""Supporting official source has 1 record(s) with matching normalized facility name.""},{""sourceId"":""gsi_chuo_designated_emergency_evacuation_places"",""sourceFamily"":""official_shelter_facility"",""sourceName"":""国土地理院 指定緊急避難場所データ 東京都中央区"",""officialStatus"":""official_reference"",""sourceUrl"":""https://hinanmap.gsi.go.jp/hinanjocp/defaultFtpData/csv/13102_2.csv"",""sourceUpdatedAt"":""2025-09-02"",""evidenceNote"":""Supporting official source has 1 record(s) with matching normalized facility name.""},{""sourceId"":""gsi_chuo_designated_shelters"",""sourceFamily"":""official_shelter_facility"",""sourceName"":""国土地理院 指定避難所データ 東京都中央区"",""officialStatus"":""official_reference"",""sourceUrl"":""https://hinanmap.gsi.go.jp/hinanjocp/defaultFtpData/csv/13102_1.csv"",""sourceUpdatedAt"":""2025-09-02"",""evidenceNote"":""Supporting official source has 1 record(s) with matching normalized facility name.""}]"
chuo_official_emergency_014,久松小学校,指定緊急避難所一覧,東京都中央区,https://www.city.chuo.lg.jp/documents/984/shiteikinkyuuhinan.csv,2025-03-31,2026-05-19T00:00:00+09:00,Creative Commons Attribution 4.0 International as stated on the Chuo City open data page.,東京都中央区日本橋久松町7-2,35.689056,139.784355,EPSG:4326,"[""flood"",""storm_surge"",""earthquake"",""inland_flooding""]",official_designated,,4212,Normalized from official Chuo City open data. Original municipality code: 131024. Source marks overlap with designated shelter address. 東京都防災マップ 避難所一覧データCSV match count: 1 東京都防災マップ 避難場所一覧データCSV match count: 1 国土地理院 指定緊急避難場所データ 東京都中央区 match count: 1 国土地理院 指定避難所データ 東京都中央区 match count: 1,False,"[{""sourceId"":""chuo_open_data_designated_emergency_shelters"",""sourceFamily"":""official_shelter_facility"",""sourceName"":""指定緊急避難所一覧"",""officialStatus"":""official_primary"",""sourceUrl"":""https://www.city.chuo.lg.jp/documents/984/shiteikinkyuuhinan.csv"",""sourceUpdatedAt"":""2025-03-31"",""evidenceNote"":""Primary Chuo City open-data record for a designated emergency evacuation shelter/place.""},{""sourceId"":""tokyo_bosai_map_evacuation_center"",""sourceFamily"":""official_shelter_facility"",""sourceName"":""東京都防災マップ 避難所一覧データCSV"",""officialStatus"":""official_reference"",""sourceUrl"":""https://www.opendata.metro.tokyo.lg.jp/soumu/130001_evacuation_center.csv"",""sourceUpdatedAt"":""2022-06-20"",""evidenceNote"":""Supporting official source has 1 record(s) with matching normalized facility name.""},{""sourceId"":""tokyo_bosai_map_evacuation_area"",""sourceFamily"":""official_shelter_facility"",""sourceName"":""東京都防災マップ 避難場所一覧データCSV"",""officialStatus"":""official_reference"",""sourceUrl"":""https://www.opendata.metro.tokyo.lg.jp/soumu/130001_evacuation_area.csv"",""sourceUpdatedAt"":""2025-12-12"",""evidenceNote"":""Supporting official source has 1 record(s) with matching normalized facility name.""},{""sourceId"":""gsi_chuo_designated_emergency_evacuation_places"",""sourceFamily"":""official_shelter_facility"",""sourceName"":""国土地理院 指定緊急避難場所データ 東京都中央区"",""officialStatus"":""official_reference"",""sourceUrl"":""https://hinanmap.gsi.go.jp/hinanjocp/defaultFtpData/csv/13102_2.csv"",""sourceUpdatedAt"":""2025-09-02"",""evidenceNote"":""Supporting official source has 1 record(s) with matching normalized facility name.""},{""sourceId"":""gsi_chuo_designated_shelters"",""sourceFamily"":""official_shelter_facility"",""sourceName"":""国土地理院 指定避難所データ 東京都中央区"",""officialStatus"":""official_reference"",""sourceUrl"":""https://hinanmap.gsi.go.jp/hinanjocp/defaultFtpData/csv/13102_1.csv"",""sourceUpdatedAt"":""2025-09-02"",""evidenceNote"":""Supporting official source has 1 record(s) with matching normalized facility name.""}]"
chuo_official_emergency_015,日本橋中学校,指定緊急避難所一覧,東京都中央区,https://www.city.chuo.lg.jp/documents/984/shiteikinkyuuhinan.csv,2025-03-31,2026-05-19T00:00:00+09:00,Creative Commons Attribution 4.0 International as stated on the Chuo City open data page.,東京都中央区東日本橋1-10-1,35.691933,139.786993,EPSG:4326,"[""flood"",""storm_surge"",""earthquake"",""inland_flooding""]",official_designated,,4176,Normalized from official Chuo City open data. Original municipality code: 131024. Source marks overlap with designated shelter address. 東京都防災マップ 避難所一覧データCSV match count: 1 東京都防災マップ 避難場所一覧データCSV match count: 1,False,"[{""sourceId"":""chuo_open_data_designated_emergency_shelters"",""sourceFamily"":""official_shelter_facility"",""sourceName"":""指定緊急避難所一覧"",""officialStatus"":""official_primary"",""sourceUrl"":""https://www.city.chuo.lg.jp/documents/984/shiteikinkyuuhinan.csv"",""sourceUpdatedAt"":""2025-03-31"",""evidenceNote"":""Primary Chuo City open-data record for a designated emergency evacuation shelter/place.""},{""sourceId"":""tokyo_bosai_map_evacuation_center"",""sourceFamily"":""official_shelter_facility"",""sourceName"":""東京都防災マップ 避難所一覧データCSV"",""officialStatus"":""official_reference"",""sourceUrl"":""https://www.opendata.metro.tokyo.lg.jp/soumu/130001_evacuation_center.csv"",""sourceUpdatedAt"":""2022-06-20"",""evidenceNote"":""Supporting official source has 1 record(s) with matching normalized facility name.""},{""sourceId"":""tokyo_bosai_map_evacuation_area"",""sourceFamily"":""official_shelter_facility"",""sourceName"":""東京都防災マップ 避難場所一覧データCSV"",""officialStatus"":""official_reference"",""sourceUrl"":""https://www.opendata.metro.tokyo.lg.jp/soumu/130001_evacuation_area.csv"",""sourceUpdatedAt"":""2025-12-12"",""evidenceNote"":""Supporting official source has 1 record(s) with matching normalized facility name.""}]"
chuo_official_emergency_016,阪本小学校,指定緊急避難所一覧,東京都中央区,https://www.city.chuo.lg.jp/documents/984/shiteikinkyuuhinan.csv,2025-03-31,2026-05-19T00:00:00+09:00,Creative Commons Attribution 4.0 International as stated on the Chuo City open data page.,東京都中央区日本橋兜町15-18,35.679538,139.776687,EPSG:4326,"[""flood"",""storm_surge"",""earthquake"",""inland_flooding""]",official_designated,,2987,Normalized from official Chuo City open data. Original municipality code: 131024. Source marks overlap with designated shelter address. 東京都防災マップ 避難所一覧データCSV match count: 1 東京都防災マップ 避難場所一覧データCSV match count: 1 国土地理院 指定緊急避難場所データ 東京都中央区 match count: 1 国土地理院 指定避難所データ 東京都中央区 match count: 1,False,"[{""sourceId"":""chuo_open_data_designated_emergency_shelters"",""sourceFamily"":""official_shelter_facility"",""sourceName"":""指定緊急避難所一覧"",""officialStatus"":""official_primary"",""sourceUrl"":""https://www.city.chuo.lg.jp/documents/984/shiteikinkyuuhinan.csv"",""sourceUpdatedAt"":""2025-03-31"",""evidenceNote"":""Primary Chuo City open-data record for a designated emergency evacuation shelter/place.""},{""sourceId"":""tokyo_bosai_map_evacuation_center"",""sourceFamily"":""official_shelter_facility"",""sourceName"":""東京都防災マップ 避難所一覧データCSV"",""officialStatus"":""official_reference"",""sourceUrl"":""https://www.opendata.metro.tokyo.lg.jp/soumu/130001_evacuation_center.csv"",""sourceUpdatedAt"":""2022-06-20"",""evidenceNote"":""Supporting official source has 1 record(s) with matching normalized facility name.""},{""sourceId"":""tokyo_bosai_map_evacuation_area"",""sourceFamily"":""official_shelter_facility"",""sourceName"":""東京都防災マップ 避難場所一覧データCSV"",""officialStatus"":""official_reference"",""sourceUrl"":""https://www.opendata.metro.tokyo.lg.jp/soumu/130001_evacuation_area.csv"",""sourceUpdatedAt"":""2025-12-12"",""evidenceNote"":""Supporting official source has 1 record(s) with matching normalized facility name.""},{""sourceId"":""gsi_chuo_designated_emergency_evacuation_places"",""sourceFamily"":""official_shelter_facility"",""sourceName"":""国土地理院 指定緊急避難場所データ 東京都中央区"",""officialStatus"":""official_reference"",""sourceUrl"":""https://hinanmap.gsi.go.jp/hinanjocp/defaultFtpData/csv/13102_2.csv"",""sourceUpdatedAt"":""2025-09-02"",""evidenceNote"":""Supporting official source has 1 record(s) with matching normalized facility name.""},{""sourceId"":""gsi_chuo_designated_shelters"",""sourceFamily"":""official_shelter_facility"",""sourceName"":""国土地理院 指定避難所データ 東京都中央区"",""officialStatus"":""official_reference"",""sourceUrl"":""https://hinanmap.gsi.go.jp/hinanjocp/defaultFtpData/csv/13102_1.csv"",""sourceUpdatedAt"":""2025-09-02"",""evidenceNote"":""Supporting official source has 1 record(s) with matching normalized facility name.""}]"
chuo_official_emergency_017,佃島小学校,指定緊急避難所一覧,東京都中央区,https://www.city.chuo.lg.jp/documents/984/shiteikinkyuuhinan.csv,2025-03-31,2026-05-19T00:00:00+09:00,Creative Commons Attribution 4.0 International as stated on the Chuo City open data page.,東京都中央区佃2-3-1,35.668599,139.784518,EPSG:4326,"[""flood"",""storm_surge"",""earthquake"",""tsunami"",""inland_flooding""]",official_designated,,4509,Normalized from official Chuo City open data. Original municipality code: 131024. Source marks overlap with designated shelter address. 東京都防災マップ 避難所一覧データCSV match count: 1 東京都防災マップ 避難場所一覧データCSV match count: 1 国土地理院 指定緊急避難場所データ 東京都中央区 match count: 1 国土地理院 指定避難所データ 東京都中央区 match count: 1,False,"[{""sourceId"":""chuo_open_data_designated_emergency_shelters"",""sourceFamily"":""official_shelter_facility"",""sourceName"":""指定緊急避難所一覧"",""officialStatus"":""official_primary"",""sourceUrl"":""https://www.city.chuo.lg.jp/documents/984/shiteikinkyuuhinan.csv"",""sourceUpdatedAt"":""2025-03-31"",""evidenceNote"":""Primary Chuo City open-data record for a designated emergency evacuation shelter/place.""},{""sourceId"":""tokyo_bosai_map_evacuation_center"",""sourceFamily"":""official_shelter_facility"",""sourceName"":""東京都防災マップ 避難所一覧データCSV"",""officialStatus"":""official_reference"",""sourceUrl"":""https://www.opendata.metro.tokyo.lg.jp/soumu/130001_evacuation_center.csv"",""sourceUpdatedAt"":""2022-06-20"",""evidenceNote"":""Supporting official source has 1 record(s) with matching normalized facility name.""},{""sourceId"":""tokyo_bosai_map_evacuation_area"",""sourceFamily"":""official_shelter_facility"",""sourceName"":""東京都防災マップ 避難場所一覧データCSV"",""officialStatus"":""official_reference"",""sourceUrl"":""https://www.opendata.metro.tokyo.lg.jp/soumu/130001_evacuation_area.csv"",""sourceUpdatedAt"":""2025-12-12"",""evidenceNote"":""Supporting official source has 1 record(s) with matching normalized facility name.""},{""sourceId"":""gsi_chuo_designated_emergency_evacuation_places"",""sourceFamily"":""official_shelter_facility"",""sourceName"":""国土地理院 指定緊急避難場所データ 東京都中央区"",""officialStatus"":""official_reference"",""sourceUrl"":""https://hinanmap.gsi.go.jp/hinanjocp/defaultFtpData/csv/13102_2.csv"",""sourceUpdatedAt"":""2025-09-02"",""evidenceNote"":""Supporting official source has 1 record(s) with matching normalized facility name.""},{""sourceId"":""gsi_chuo_designated_shelters"",""sourceFamily"":""official_shelter_facility"",""sourceName"":""国土地理院 指定避難所データ 東京都中央区"",""officialStatus"":""official_reference"",""sourceUrl"":""https://hinanmap.gsi.go.jp/hinanjocp/defaultFtpData/csv/13102_1.csv"",""sourceUpdatedAt"":""2025-09-02"",""evidenceNote"":""Supporting official source has 1 record(s) with matching normalized facility name.""}]"
chuo_official_emergency_018,佃中学校,指定緊急避難所一覧,東京都中央区,https://www.city.chuo.lg.jp/documents/984/shiteikinkyuuhinan.csv,2025-03-31,2026-05-19T00:00:00+09:00,Creative Commons Attribution 4.0 International as stated on the Chuo City open data page.,東京都中央区佃2-3-2,35.667941,139.785025,EPSG:4326,"[""flood"",""storm_surge"",""earthquake"",""tsunami"",""inland_flooding""]",official_designated,,4890,Normalized from official Chuo City open data. Original municipality code: 131024. Source marks overlap with designated shelter address. 東京都防災マップ 避難所一覧データCSV match count: 1 東京都防災マップ 避難場所一覧データCSV match count: 1 国土地理院 指定緊急避難場所データ 東京都中央区 match count: 1 国土地理院 指定避難所データ 東京都中央区 match count: 1,False,"[{""sourceId"":""chuo_open_data_designated_emergency_shelters"",""sourceFamily"":""official_shelter_facility"",""sourceName"":""指定緊急避難所一覧"",""officialStatus"":""official_primary"",""sourceUrl"":""https://www.city.chuo.lg.jp/documents/984/shiteikinkyuuhinan.csv"",""sourceUpdatedAt"":""2025-03-31"",""evidenceNote"":""Primary Chuo City open-data record for a designated emergency evacuation shelter/place.""},{""sourceId"":""tokyo_bosai_map_evacuation_center"",""sourceFamily"":""official_shelter_facility"",""sourceName"":""東京都防災マップ 避難所一覧データCSV"",""officialStatus"":""official_reference"",""sourceUrl"":""https://www.opendata.metro.tokyo.lg.jp/soumu/130001_evacuation_center.csv"",""sourceUpdatedAt"":""2022-06-20"",""evidenceNote"":""Supporting official source has 1 record(s) with matching normalized facility name.""},{""sourceId"":""tokyo_bosai_map_evacuation_area"",""sourceFamily"":""official_shelter_facility"",""sourceName"":""東京都防災マップ 避難場所一覧データCSV"",""officialStatus"":""official_reference"",""sourceUrl"":""https://www.opendata.metro.tokyo.lg.jp/soumu/130001_evacuation_area.csv"",""sourceUpdatedAt"":""2025-12-12"",""evidenceNote"":""Supporting official source has 1 record(s) with matching normalized facility name.""},{""sourceId"":""gsi_chuo_designated_emergency_evacuation_places"",""sourceFamily"":""official_shelter_facility"",""sourceName"":""国土地理院 指定緊急避難場所データ 東京都中央区"",""officialStatus"":""official_reference"",""sourceUrl"":""https://hinanmap.gsi.go.jp/hinanjocp/defaultFtpData/csv/13102_2.csv"",""sourceUpdatedAt"":""2025-09-02"",""evidenceNote"":""Supporting official source has 1 record(s) with matching normalized facility name.""},{""sourceId"":""gsi_chuo_designated_shelters"",""sourceFamily"":""official_shelter_facility"",""sourceName"":""国土地理院 指定避難所データ 東京都中央区"",""officialStatus"":""official_reference"",""sourceUrl"":""https://hinanmap.gsi.go.jp/hinanjocp/defaultFtpData/csv/13102_1.csv"",""sourceUpdatedAt"":""2025-09-02"",""evidenceNote"":""Supporting official source has 1 record(s) with matching normalized facility name.""}]"
chuo_official_emergency_019,月島第一小学校,指定緊急避難所一覧,東京都中央区,https://www.city.chuo.lg.jp/documents/984/shiteikinkyuuhinan.csv,2025-03-31,2026-05-19T00:00:00+09:00,Creative Commons Attribution 4.0 International as stated on the Chuo City open data page.,東京都中央区月島4-15-1,35.660674,139.780093,EPSG:4326,"[""flood"",""storm_surge"",""earthquake"",""tsunami"",""inland_flooding""]",official_designated,,3504,Normalized from official Chuo City open data. Original municipality code: 131024. Source marks overlap with designated shelter address. 東京都防災マップ 避難所一覧データCSV match count: 1 東京都防災マップ 避難場所一覧データCSV match count: 1 国土地理院 指定緊急避難場所データ 東京都中央区 match count: 1 国土地理院 指定避難所データ 東京都中央区 match count: 1,False,"[{""sourceId"":""chuo_open_data_designated_emergency_shelters"",""sourceFamily"":""official_shelter_facility"",""sourceName"":""指定緊急避難所一覧"",""officialStatus"":""official_primary"",""sourceUrl"":""https://www.city.chuo.lg.jp/documents/984/shiteikinkyuuhinan.csv"",""sourceUpdatedAt"":""2025-03-31"",""evidenceNote"":""Primary Chuo City open-data record for a designated emergency evacuation shelter/place.""},{""sourceId"":""tokyo_bosai_map_evacuation_center"",""sourceFamily"":""official_shelter_facility"",""sourceName"":""東京都防災マップ 避難所一覧データCSV"",""officialStatus"":""official_reference"",""sourceUrl"":""https://www.opendata.metro.tokyo.lg.jp/soumu/130001_evacuation_center.csv"",""sourceUpdatedAt"":""2022-06-20"",""evidenceNote"":""Supporting official source has 1 record(s) with matching normalized facility name.""},{""sourceId"":""tokyo_bosai_map_evacuation_area"",""sourceFamily"":""official_shelter_facility"",""sourceName"":""東京都防災マップ 避難場所一覧データCSV"",""officialStatus"":""official_reference"",""sourceUrl"":""https://www.opendata.metro.tokyo.lg.jp/soumu/130001_evacuation_area.csv"",""sourceUpdatedAt"":""2025-12-12"",""evidenceNote"":""Supporting official source has 1 record(s) with matching normalized facility name.""},{""sourceId"":""gsi_chuo_designated_emergency_evacuation_places"",""sourceFamily"":""official_shelter_facility"",""sourceName"":""国土地理院 指定緊急避難場所データ 東京都中央区"",""officialStatus"":""official_reference"",""sourceUrl"":""https://hinanmap.gsi.go.jp/hinanjocp/defaultFtpData/csv/13102_2.csv"",""sourceUpdatedAt"":""2025-09-02"",""evidenceNote"":""Supporting official source has 1 record(s) with matching normalized facility name.""},{""sourceId"":""gsi_chuo_designated_shelters"",""sourceFamily"":""official_shelter_facility"",""sourceName"":""国土地理院 指定避難所データ 東京都中央区"",""officialStatus"":""official_reference"",""sourceUrl"":""https://hinanmap.gsi.go.jp/hinanjocp/defaultFtpData/csv/13102_1.csv"",""sourceUpdatedAt"":""2025-09-02"",""evidenceNote"":""Supporting official source has 1 record(s) with matching normalized facility name.""}]"
chuo_official_emergency_020,月島第二小学校,指定緊急避難所一覧,東京都中央区,https://www.city.chuo.lg.jp/documents/984/shiteikinkyuuhinan.csv,2025-03-31,2026-05-19T00:00:00+09:00,Creative Commons Attribution 4.0 International as stated on the Chuo City open data page.,東京都中央区勝どき1-12-2,35.66017,139.775931,EPSG:4326,"[""flood"",""storm_surge"",""earthquake"",""tsunami"",""inland_flooding""]",official_designated,,3837,Normalized from official Chuo City open data. Original municipality code: 131024. Source marks overlap with designated shelter address. 東京都防災マップ 避難所一覧データCSV match count: 1 東京都防災マップ 避難場所一覧データCSV match count: 1 国土地理院 指定緊急避難場所データ 東京都中央区 match count: 1 国土地理院 指定避難所データ 東京都中央区 match count: 1,False,"[{""sourceId"":""chuo_open_data_designated_emergency_shelters"",""sourceFamily"":""official_shelter_facility"",""sourceName"":""指定緊急避難所一覧"",""officialStatus"":""official_primary"",""sourceUrl"":""https://www.city.chuo.lg.jp/documents/984/shiteikinkyuuhinan.csv"",""sourceUpdatedAt"":""2025-03-31"",""evidenceNote"":""Primary Chuo City open-data record for a designated emergency evacuation shelter/place.""},{""sourceId"":""tokyo_bosai_map_evacuation_center"",""sourceFamily"":""official_shelter_facility"",""sourceName"":""東京都防災マップ 避難所一覧データCSV"",""officialStatus"":""official_reference"",""sourceUrl"":""https://www.opendata.metro.tokyo.lg.jp/soumu/130001_evacuation_center.csv"",""sourceUpdatedAt"":""2022-06-20"",""evidenceNote"":""Supporting official source has 1 record(s) with matching normalized facility name.""},{""sourceId"":""tokyo_bosai_map_evacuation_area"",""sourceFamily"":""official_shelter_facility"",""sourceName"":""東京都防災マップ 避難場所一覧データCSV"",""officialStatus"":""official_reference"",""sourceUrl"":""https://www.opendata.metro.tokyo.lg.jp/soumu/130001_evacuation_area.csv"",""sourceUpdatedAt"":""2025-12-12"",""evidenceNote"":""Supporting official source has 1 record(s) with matching normalized facility name.""},{""sourceId"":""gsi_chuo_designated_emergency_evacuation_places"",""sourceFamily"":""official_shelter_facility"",""sourceName"":""国土地理院 指定緊急避難場所データ 東京都中央区"",""officialStatus"":""official_reference"",""sourceUrl"":""https://hinanmap.gsi.go.jp/hinanjocp/defaultFtpData/csv/13102_2.csv"",""sourceUpdatedAt"":""2025-09-02"",""evidenceNote"":""Supporting official source has 1 record(s) with matching normalized facility name.""},{""sourceId"":""gsi_chuo_designated_shelters"",""sourceFamily"":""official_shelter_facility"",""sourceName"":""国土地理院 指定避難所データ 東京都中央区"",""officialStatus"":""official_reference"",""sourceUrl"":""https://hinanmap.gsi.go.jp/hinanjocp/defaultFtpData/csv/13102_1.csv"",""sourceUpdatedAt"":""2025-09-02"",""evidenceNote"":""Supporting official source has 1 record(s) with matching normalized facility name.""}]"
chuo_official_emergency_021,月島第三小学校,指定緊急避難所一覧,東京都中央区,https://www.city.chuo.lg.jp/documents/984/shiteikinkyuuhinan.csv,2025-03-31,2026-05-19T00:00:00+09:00,Creative Commons Attribution 4.0 International as stated on the Chuo City open data page.,東京都中央区晴海1-4-1,35.658848,139.785703,EPSG:4326,"[""flood"",""storm_surge"",""earthquake"",""inland_flooding""]",official_designated,,4529,Normalized from official Chuo City open data. Original municipality code: 131024. Source marks overlap with designated shelter address. 東京都防災マップ 避難所一覧データCSV match count: 1 東京都防災マップ 避難場所一覧データCSV match count: 1 国土地理院 指定緊急避難場所データ 東京都中央区 match count: 1 国土地理院 指定避難所データ 東京都中央区 match count: 1,False,"[{""sourceId"":""chuo_open_data_designated_emergency_shelters"",""sourceFamily"":""official_shelter_facility"",""sourceName"":""指定緊急避難所一覧"",""officialStatus"":""official_primary"",""sourceUrl"":""https://www.city.chuo.lg.jp/documents/984/shiteikinkyuuhinan.csv"",""sourceUpdatedAt"":""2025-03-31"",""evidenceNote"":""Primary Chuo City open-data record for a designated emergency evacuation shelter/place.""},{""sourceId"":""tokyo_bosai_map_evacuation_center"",""sourceFamily"":""official_shelter_facility"",""sourceName"":""東京都防災マップ 避難所一覧データCSV"",""officialStatus"":""official_reference"",""sourceUrl"":""https://www.opendata.metro.tokyo.lg.jp/soumu/130001_evacuation_center.csv"",""sourceUpdatedAt"":""2022-06-20"",""evidenceNote"":""Supporting official source has 1 record(s) with matching normalized facility name.""},{""sourceId"":""tokyo_bosai_map_evacuation_area"",""sourceFamily"":""official_shelter_facility"",""sourceName"":""東京都防災マップ 避難場所一覧データCSV"",""officialStatus"":""official_reference"",""sourceUrl"":""https://www.opendata.metro.tokyo.lg.jp/soumu/130001_evacuation_area.csv"",""sourceUpdatedAt"":""2025-12-12"",""evidenceNote"":""Supporting official source has 1 record(s) with matching normalized facility name.""},{""sourceId"":""gsi_chuo_designated_emergency_evacuation_places"",""sourceFamily"":""official_shelter_facility"",""sourceName"":""国土地理院 指定緊急避難場所データ 東京都中央区"",""officialStatus"":""official_reference"",""sourceUrl"":""https://hinanmap.gsi.go.jp/hinanjocp/defaultFtpData/csv/13102_2.csv"",""sourceUpdatedAt"":""2025-09-02"",""evidenceNote"":""Supporting official source has 1 record(s) with matching normalized facility name.""},{""sourceId"":""gsi_chuo_designated_shelters"",""sourceFamily"":""official_shelter_facility"",""sourceName"":""国土地理院 指定避難所データ 東京都中央区"",""officialStatus"":""official_reference"",""sourceUrl"":""https://hinanmap.gsi.go.jp/hinanjocp/defaultFtpData/csv/13102_1.csv"",""sourceUpdatedAt"":""2025-09-02"",""evidenceNote"":""Supporting official source has 1 record(s) with matching normalized facility name.""}]"
chuo_official_emergency_022,晴海中学校,指定緊急避難所一覧,東京都中央区,https://www.city.chuo.lg.jp/documents/984/shiteikinkyuuhinan.csv,2025-03-31,2026-05-19T00:00:00+09:00,Creative Commons Attribution 4.0 International as stated on the Chuo City open data page.,東京都中央区晴海1-5-3,35.659743,139.784908,EPSG:4326,"[""flood"",""storm_surge"",""earthquake"",""inland_flooding""]",official_designated,,4401,Normalized from official Chuo City open data. Original municipality code: 131024. Source marks overlap with designated shelter address. 東京都防災マップ 避難所一覧データCSV match count: 1 東京都防災マップ 避難場所一覧データCSV match count: 1 国土地理院 指定緊急避難場所データ 東京都中央区 match count: 1 国土地理院 指定避難所データ 東京都中央区 match count: 1,False,"[{""sourceId"":""chuo_open_data_designated_emergency_shelters"",""sourceFamily"":""official_shelter_facility"",""sourceName"":""指定緊急避難所一覧"",""officialStatus"":""official_primary"",""sourceUrl"":""https://www.city.chuo.lg.jp/documents/984/shiteikinkyuuhinan.csv"",""sourceUpdatedAt"":""2025-03-31"",""evidenceNote"":""Primary Chuo City open-data record for a designated emergency evacuation shelter/place.""},{""sourceId"":""tokyo_bosai_map_evacuation_center"",""sourceFamily"":""official_shelter_facility"",""sourceName"":""東京都防災マップ 避難所一覧データCSV"",""officialStatus"":""official_reference"",""sourceUrl"":""https://www.opendata.metro.tokyo.lg.jp/soumu/130001_evacuation_center.csv"",""sourceUpdatedAt"":""2022-06-20"",""evidenceNote"":""Supporting official source has 1 record(s) with matching normalized facility name.""},{""sourceId"":""tokyo_bosai_map_evacuation_area"",""sourceFamily"":""official_shelter_facility"",""sourceName"":""東京都防災マップ 避難場所一覧データCSV"",""officialStatus"":""official_reference"",""sourceUrl"":""https://www.opendata.metro.tokyo.lg.jp/soumu/130001_evacuation_area.csv"",""sourceUpdatedAt"":""2025-12-12"",""evidenceNote"":""Supporting official source has 1 record(s) with matching normalized facility name.""},{""sourceId"":""gsi_chuo_designated_emergency_evacuation_places"",""sourceFamily"":""official_shelter_facility"",""sourceName"":""国土地理院 指定緊急避難場所データ 東京都中央区"",""officialStatus"":""official_reference"",""sourceUrl"":""https://hinanmap.gsi.go.jp/hinanjocp/defaultFtpData/csv/13102_2.csv"",""sourceUpdatedAt"":""2025-09-02"",""evidenceNote"":""Supporting official source has 1 record(s) with matching normalized facility name.""},{""sourceId"":""gsi_chuo_designated_shelters"",""sourceFamily"":""official_shelter_facility"",""sourceName"":""国土地理院 指定避難所データ 東京都中央区"",""officialStatus"":""official_reference"",""sourceUrl"":""https://hinanmap.gsi.go.jp/hinanjocp/defaultFtpData/csv/13102_1.csv"",""sourceUpdatedAt"":""2025-09-02"",""evidenceNote"":""Supporting official source has 1 record(s) with matching normalized facility name.""}]"
chuo_official_emergency_023,豊海小学校,指定緊急避難所一覧,東京都中央区,https://www.city.chuo.lg.jp/documents/984/shiteikinkyuuhinan.csv,2025-03-31,2026-05-19T00:00:00+09:00,Creative Commons Attribution 4.0 International as stated on the Chuo City open data page.,東京都中央区勝どき6-6-2,35.654366,139.773051,EPSG:4326,"[""flood"",""storm_surge"",""earthquake"",""tsunami"",""inland_flooding""]",official_designated,,5612,Normalized from official Chuo City open data. Original municipality code: 131024. Source marks overlap with designated shelter address. 東京都防災マップ 避難所一覧データCSV match count: 1 東京都防災マップ 避難場所一覧データCSV match count: 1 国土地理院 指定緊急避難場所データ 東京都中央区 match count: 1 国土地理院 指定避難所データ 東京都中央区 match count: 1,False,"[{""sourceId"":""chuo_open_data_designated_emergency_shelters"",""sourceFamily"":""official_shelter_facility"",""sourceName"":""指定緊急避難所一覧"",""officialStatus"":""official_primary"",""sourceUrl"":""https://www.city.chuo.lg.jp/documents/984/shiteikinkyuuhinan.csv"",""sourceUpdatedAt"":""2025-03-31"",""evidenceNote"":""Primary Chuo City open-data record for a designated emergency evacuation shelter/place.""},{""sourceId"":""tokyo_bosai_map_evacuation_center"",""sourceFamily"":""official_shelter_facility"",""sourceName"":""東京都防災マップ 避難所一覧データCSV"",""officialStatus"":""official_reference"",""sourceUrl"":""https://www.opendata.metro.tokyo.lg.jp/soumu/130001_evacuation_center.csv"",""sourceUpdatedAt"":""2022-06-20"",""evidenceNote"":""Supporting official source has 1 record(s) with matching normalized facility name.""},{""sourceId"":""tokyo_bosai_map_evacuation_area"",""sourceFamily"":""official_shelter_facility"",""sourceName"":""東京都防災マップ 避難場所一覧データCSV"",""officialStatus"":""official_reference"",""sourceUrl"":""https://www.opendata.metro.tokyo.lg.jp/soumu/130001_evacuation_area.csv"",""sourceUpdatedAt"":""2025-12-12"",""evidenceNote"":""Supporting official source has 1 record(s) with matching normalized facility name.""},{""sourceId"":""gsi_chuo_designated_emergency_evacuation_places"",""sourceFamily"":""official_shelter_facility"",""sourceName"":""国土地理院 指定緊急避難場所データ 東京都中央区"",""officialStatus"":""official_reference"",""sourceUrl"":""https://hinanmap.gsi.go.jp/hinanjocp/defaultFtpData/csv/13102_2.csv"",""sourceUpdatedAt"":""2025-09-02"",""evidenceNote"":""Supporting official source has 1 record(s) with matching normalized facility name.""},{""sourceId"":""gsi_chuo_designated_shelters"",""sourceFamily"":""official_shelter_facility"",""sourceName"":""国土地理院 指定避難所データ 東京都中央区"",""officialStatus"":""official_reference"",""sourceUrl"":""https://hinanmap.gsi.go.jp/hinanjocp/defaultFtpData/csv/13102_1.csv"",""sourceUpdatedAt"":""2025-09-02"",""evidenceNote"":""Supporting official source has 1 record(s) with matching normalized facility name.""}]"
chuo_official_emergency_024,中央区役所,指定緊急避難所一覧,東京都中央区,https://www.city.chuo.lg.jp/documents/984/shiteikinkyuuhinan.csv,2025-03-31,2026-05-19T00:00:00+09:00,Creative Commons Attribution 4.0 International as stated on the Chuo City open data page.,東京都中央区築地1-1-1,35.670599,139.77201,EPSG:4326,"[""flood"",""storm_surge"",""inland_flooding""]",official_designated,,,Normalized from official Chuo City open data. Original municipality code: 131024. 東京都防災マップ 避難場所一覧データCSV match count: 1 国土地理院 指定緊急避難場所データ 東京都中央区 match count: 1,False,"[{""sourceId"":""chuo_open_data_designated_emergency_shelters"",""sourceFamily"":""official_shelter_facility"",""sourceName"":""指定緊急避難所一覧"",""officialStatus"":""official_primary"",""sourceUrl"":""https://www.city.chuo.lg.jp/documents/984/shiteikinkyuuhinan.csv"",""sourceUpdatedAt"":""2025-03-31"",""evidenceNote"":""Primary Chuo City open-data record for a designated emergency evacuation shelter/place.""},{""sourceId"":""tokyo_bosai_map_evacuation_area"",""sourceFamily"":""official_shelter_facility"",""sourceName"":""東京都防災マップ 避難場所一覧データCSV"",""officialStatus"":""official_reference"",""sourceUrl"":""https://www.opendata.metro.tokyo.lg.jp/soumu/130001_evacuation_area.csv"",""sourceUpdatedAt"":""2025-12-12"",""evidenceNote"":""Supporting official source has 1 record(s) with matching normalized facility name.""},{""sourceId"":""gsi_chuo_designated_emergency_evacuation_places"",""sourceFamily"":""official_shelter_facility"",""sourceName"":""国土地理院 指定緊急避難場所データ 東京都中央区"",""officialStatus"":""official_reference"",""sourceUrl"":""https://hinanmap.gsi.go.jp/hinanjocp/defaultFtpData/csv/13102_2.csv"",""sourceUpdatedAt"":""2025-09-02"",""evidenceNote"":""Supporting official source has 1 record(s) with matching normalized facility name.""}]"
chuo_official_emergency_025,日本橋区民センター,指定緊急避難所一覧,東京都中央区,https://www.city.chuo.lg.jp/documents/984/shiteikinkyuuhinan.csv,2025-03-31,2026-05-19T00:00:00+09:00,Creative Commons Attribution 4.0 International as stated on the Chuo City open data page.,東京都中央区日本橋蛎殻町1-31-1,35.682479,139.784287,EPSG:4326,"[""flood"",""storm_surge"",""inland_flooding""]",official_designated,,579,Normalized from official Chuo City open data. Original municipality code: 131024. 東京都防災マップ 避難場所一覧データCSV match count: 1 国土地理院 指定緊急避難場所データ 東京都中央区 match count: 1,False,"[{""sourceId"":""chuo_open_data_designated_emergency_shelters"",""sourceFamily"":""official_shelter_facility"",""sourceName"":""指定緊急避難所一覧"",""officialStatus"":""official_primary"",""sourceUrl"":""https://www.city.chuo.lg.jp/documents/984/shiteikinkyuuhinan.csv"",""sourceUpdatedAt"":""2025-03-31"",""evidenceNote"":""Primary Chuo City open-data record for a designated emergency evacuation shelter/place.""},{""sourceId"":""tokyo_bosai_map_evacuation_area"",""sourceFamily"":""official_shelter_facility"",""sourceName"":""東京都防災マップ 避難場所一覧データCSV"",""officialStatus"":""official_reference"",""sourceUrl"":""https://www.opendata.metro.tokyo.lg.jp/soumu/130001_evacuation_area.csv"",""sourceUpdatedAt"":""2025-12-12"",""evidenceNote"":""Supporting official source has 1 record(s) with matching normalized facility name.""},{""sourceId"":""gsi_chuo_designated_emergency_evacuation_places"",""sourceFamily"":""official_shelter_facility"",""sourceName"":""国土地理院 指定緊急避難場所データ 東京都中央区"",""officialStatus"":""official_reference"",""sourceUrl"":""https://hinanmap.gsi.go.jp/hinanjocp/defaultFtpData/csv/13102_2.csv"",""sourceUpdatedAt"":""2025-09-02"",""evidenceNote"":""Supporting official source has 1 record(s) with matching normalized facility name.""}]"
chuo_official_emergency_026,月島区民センター,指定緊急避難所一覧,東京都中央区,https://www.city.chuo.lg.jp/documents/984/shiteikinkyuuhinan.csv,2025-03-31,2026-05-19T00:00:00+09:00,Creative Commons Attribution 4.0 International as stated on the Chuo City open data page.,東京都中央区月島4-1-1,35.661921,139.78192,EPSG:4326,"[""flood"",""storm_surge"",""tsunami"",""inland_flooding""]",official_designated,,2026,Normalized from official Chuo City open data. Original municipality code: 131024. 東京都防災マップ 避難場所一覧データCSV match count: 1 国土地理院 指定緊急避難場所データ 東京都中央区 match count: 1,False,"[{""sourceId"":""chuo_open_data_designated_emergency_shelters"",""sourceFamily"":""official_shelter_facility"",""sourceName"":""指定緊急避難所一覧"",""officialStatus"":""official_primary"",""sourceUrl"":""https://www.city.chuo.lg.jp/documents/984/shiteikinkyuuhinan.csv"",""sourceUpdatedAt"":""2025-03-31"",""evidenceNote"":""Primary Chuo City open-data record for a designated emergency evacuation shelter/place.""},{""sourceId"":""tokyo_bosai_map_evacuation_area"",""sourceFamily"":""official_shelter_facility"",""sourceName"":""東京都防災マップ 避難場所一覧データCSV"",""officialStatus"":""official_reference"",""sourceUrl"":""https://www.opendata.metro.tokyo.lg.jp/soumu/130001_evacuation_area.csv"",""sourceUpdatedAt"":""2025-12-12"",""evidenceNote"":""Supporting official source has 1 record(s) with matching normalized facility name.""},{""sourceId"":""gsi_chuo_designated_emergency_evacuation_places"",""sourceFamily"":""official_shelter_facility"",""sourceName"":""国土地理院 指定緊急避難場所データ 東京都中央区"",""officialStatus"":""official_reference"",""sourceUrl"":""https://hinanmap.gsi.go.jp/hinanjocp/defaultFtpData/csv/13102_2.csv"",""sourceUpdatedAt"":""2025-09-02"",""evidenceNote"":""Supporting official source has 1 record(s) with matching normalized facility name.""}]"
chuo_official_emergency_027,(旧)ほっとプラザはるみ,指定緊急避難所一覧,東京都中央区,https://www.city.chuo.lg.jp/documents/984/shiteikinkyuuhinan.csv,2025-03-31,2026-05-19T00:00:00+09:00,Creative Commons Attribution 4.0 International as stated on the Chuo City open data page.,東京都中央区晴海5-2-3,35.652023,139.774843,EPSG:4326,"[""flood"",""storm_surge"",""earthquake"",""inland_flooding""]",official_designated,,479,Normalized from official Chuo City open data. Original municipality code: 131024. Source marks overlap with designated shelter address.,True,"[{""sourceId"":""chuo_open_data_designated_emergency_shelters"",""sourceFamily"":""official_shelter_facility"",""sourceName"":""指定緊急避難所一覧"",""officialStatus"":""official_primary"",""sourceUrl"":""https://www.city.chuo.lg.jp/documents/984/shiteikinkyuuhinan.csv"",""sourceUpdatedAt"":""2025-03-31"",""evidenceNote"":""Primary Chuo City open-data record for a designated emergency evacuation shelter/place.""}]"
chuo_official_emergency_028,あかつき公園一帯,指定緊急避難所一覧,東京都中央区,https://www.city.chuo.lg.jp/documents/984/shiteikinkyuuhinan.csv,2025-03-31,2026-05-19T00:00:00+09:00,Creative Commons Attribution 4.0 International as stated on the Chuo City open data page.,東京都中央区築地；中央区明石町,35.665155,139.770788,EPSG:4326,"[""large_fire""]",official_designated,,9895,Normalized from official Chuo City open data. Original municipality code: 131024. Name appears to describe a broad evacuation area rather than a single building. 国土地理院 指定緊急避難場所データ 東京都中央区 match count: 1,True,"[{""sourceId"":""chuo_open_data_designated_emergency_shelters"",""sourceFamily"":""official_shelter_facility"",""sourceName"":""指定緊急避難所一覧"",""officialStatus"":""official_primary"",""sourceUrl"":""https://www.city.chuo.lg.jp/documents/984/shiteikinkyuuhinan.csv"",""sourceUpdatedAt"":""2025-03-31"",""evidenceNote"":""Primary Chuo City open-data record for a designated emergency evacuation shelter/place.""},{""sourceId"":""gsi_chuo_designated_emergency_evacuation_places"",""sourceFamily"":""official_shelter_facility"",""sourceName"":""国土地理院 指定緊急避難場所データ 東京都中央区"",""officialStatus"":""official_reference"",""sourceUrl"":""https://hinanmap.gsi.go.jp/hinanjocp/defaultFtpData/csv/13102_2.csv"",""sourceUpdatedAt"":""2025-09-02"",""evidenceNote"":""Supporting official source has 1 record(s) with matching normalized facility name.""}]"
chuo_official_emergency_029,新川ツインビル地区,指定緊急避難所一覧,東京都中央区,https://www.city.chuo.lg.jp/documents/984/shiteikinkyuuhinan.csv,2025-03-31,2026-05-19T00:00:00+09:00,Creative Commons Attribution 4.0 International as stated on the Chuo City open data page.,東京都中央区新川,35.677069,139.782438,EPSG:4326,"[""large_fire""]",official_designated,,30650,Normalized from official Chuo City open data. Original municipality code: 131024. Name appears to describe a broad evacuation area rather than a single building. 国土地理院 指定緊急避難場所データ 東京都中央区 match count: 1,True,"[{""sourceId"":""chuo_open_data_designated_emergency_shelters"",""sourceFamily"":""official_shelter_facility"",""sourceName"":""指定緊急避難所一覧"",""officialStatus"":""official_primary"",""sourceUrl"":""https://www.city.chuo.lg.jp/documents/984/shiteikinkyuuhinan.csv"",""sourceUpdatedAt"":""2025-03-31"",""evidenceNote"":""Primary Chuo City open-data record for a designated emergency evacuation shelter/place.""},{""sourceId"":""gsi_chuo_designated_emergency_evacuation_places"",""sourceFamily"":""official_shelter_facility"",""sourceName"":""国土地理院 指定緊急避難場所データ 東京都中央区"",""officialStatus"":""official_reference"",""sourceUrl"":""https://hinanmap.gsi.go.jp/hinanjocp/defaultFtpData/csv/13102_2.csv"",""sourceUpdatedAt"":""2025-09-02"",""evidenceNote"":""Supporting official source has 1 record(s) with matching normalized facility name.""}]"
chuo_official_emergency_030,佃リバーシティ地区,指定緊急避難所一覧,東京都中央区,https://www.city.chuo.lg.jp/documents/984/shiteikinkyuuhinan.csv,2025-03-31,2026-05-19T00:00:00+09:00,Creative Commons Attribution 4.0 International as stated on the Chuo City open data page.,東京都中央区佃,35.666185,139.784641,EPSG:4326,"[""large_fire""]",official_designated,,22208,Normalized from official Chuo City open data. Original municipality code: 131024. Name appears to describe a broad evacuation area rather than a single building. 国土地理院 指定緊急避難場所データ 東京都中央区 match count: 1,True,"[{""sourceId"":""chuo_open_data_designated_emergency_shelters"",""sourceFamily"":""official_shelter_facility"",""sourceName"":""指定緊急避難所一覧"",""officialStatus"":""official_primary"",""sourceUrl"":""https://www.city.chuo.lg.jp/documents/984/shiteikinkyuuhinan.csv"",""sourceUpdatedAt"":""2025-03-31"",""evidenceNote"":""Primary Chuo City open-data record for a designated emergency evacuation shelter/place.""},{""sourceId"":""gsi_chuo_designated_emergency_evacuation_places"",""sourceFamily"":""official_shelter_facility"",""sourceName"":""国土地理院 指定緊急避難場所データ 東京都中央区"",""officialStatus"":""official_reference"",""sourceUrl"":""https://hinanmap.gsi.go.jp/hinanjocp/defaultFtpData/csv/13102_2.csv"",""sourceUpdatedAt"":""2025-09-02"",""evidenceNote"":""Supporting official source has 1 record(s) with matching normalized facility name.""}]"
chuo_official_emergency_031,晴海地区,指定緊急避難所一覧,東京都中央区,https://www.city.chuo.lg.jp/documents/984/shiteikinkyuuhinan.csv,2025-03-31,2026-05-19T00:00:00+09:00,Creative Commons Attribution 4.0 International as stated on the Chuo City open data page.,東京都中央区晴海,35.653904,139.780439,EPSG:4326,"[""large_fire""]",official_designated,,48529,Normalized from official Chuo City open data. Original municipality code: 131024. Name appears to describe a broad evacuation area rather than a single building. 国土地理院 指定緊急避難場所データ 東京都中央区 match count: 1,True,"[{""sourceId"":""chuo_open_data_designated_emergency_shelters"",""sourceFamily"":""official_shelter_facility"",""sourceName"":""指定緊急避難所一覧"",""officialStatus"":""official_primary"",""sourceUrl"":""https://www.city.chuo.lg.jp/documents/984/shiteikinkyuuhinan.csv"",""sourceUpdatedAt"":""2025-03-31"",""evidenceNote"":""Primary Chuo City open-data record for a designated emergency evacuation shelter/place.""},{""sourceId"":""gsi_chuo_designated_emergency_evacuation_places"",""sourceFamily"":""official_shelter_facility"",""sourceName"":""国土地理院 指定緊急避難場所データ 東京都中央区"",""officialStatus"":""official_reference"",""sourceUrl"":""https://hinanmap.gsi.go.jp/hinanjocp/defaultFtpData/csv/13102_2.csv"",""sourceUpdatedAt"":""2025-09-02"",""evidenceNote"":""Supporting official source has 1 record(s) with matching normalized facility name.""}]"
